<ImportExportXml version="9.1.0.10743" SolutionPackageVersion="9.1" languagecode="1033" generatedBy="CrmLive" xmlns:xsi="http://www.w3.org/2001/XMLSchema-instance">
  <SolutionManifest>
    <UniqueName>PowerAppsSamples</UniqueName>
    <LocalizedNames>
      <LocalizedName description="PowerAppsSamples" languagecode="1033" />
    </LocalizedNames>
    <Descriptions />
    <Version>1.0.0.1</Version>
    <Managed>1</Managed>
    <Publisher>
      <UniqueName>jimmybriggs</UniqueName>
      <LocalizedNames>
        <LocalizedName description="Jimmy Briggs" languagecode="1033" />
      </LocalizedNames>
      <Descriptions>
        <Description description="This is a collection of sample apps and entities used in my video series: Business App Development in Dynamics 365 / PowerApps for Non-programmers&#xA;&#xA;For any questions or suggestions please contact me via twitter @stalkjimmy or email: jimmy.briggs.code@gmail.com" languagecode="1033" />
      </Descriptions>
      <EMailAddress>jimmy.briggs.code@gmail.com</EMailAddress>
      <SupportingWebsiteUrl>https://www.youtube.com/channel/UCfOVtTPJNJiufcurv99HQSg</SupportingWebsiteUrl>
      <CustomizationPrefix>tigerj</CustomizationPrefix>
      <CustomizationOptionValuePrefix>41613</CustomizationOptionValuePrefix>
      <Addresses>
        <Address>
          <AddressNumber>1</AddressNumber>
          <AddressTypeCode>1</AddressTypeCode>
          <City xsi:nil="true"></City>
          <County xsi:nil="true"></County>
          <Country xsi:nil="true"></Country>
          <Fax xsi:nil="true"></Fax>
          <FreightTermsCode xsi:nil="true"></FreightTermsCode>
          <ImportSequenceNumber xsi:nil="true"></ImportSequenceNumber>
          <Latitude xsi:nil="true"></Latitude>
          <Line1 xsi:nil="true"></Line1>
          <Line2 xsi:nil="true"></Line2>
          <Line3 xsi:nil="true"></Line3>
          <Longitude xsi:nil="true"></Longitude>
          <Name xsi:nil="true"></Name>
          <PostalCode xsi:nil="true"></PostalCode>
          <PostOfficeBox xsi:nil="true"></PostOfficeBox>
          <PrimaryContactName xsi:nil="true"></PrimaryContactName>
          <ShippingMethodCode>1</ShippingMethodCode>
          <StateOrProvince xsi:nil="true"></StateOrProvince>
          <Telephone1 xsi:nil="true"></Telephone1>
          <Telephone2 xsi:nil="true"></Telephone2>
          <Telephone3 xsi:nil="true"></Telephone3>
          <TimeZoneRuleVersionNumber xsi:nil="true"></TimeZoneRuleVersionNumber>
          <UPSZone xsi:nil="true"></UPSZone>
          <UTCOffset xsi:nil="true"></UTCOffset>
          <UTCConversionTimeZoneCode xsi:nil="true"></UTCConversionTimeZoneCode>
        </Address>
        <Address>
          <AddressNumber>2</AddressNumber>
          <AddressTypeCode>1</AddressTypeCode>
          <City xsi:nil="true"></City>
          <County xsi:nil="true"></County>
          <Country xsi:nil="true"></Country>
          <Fax xsi:nil="true"></Fax>
          <FreightTermsCode xsi:nil="true"></FreightTermsCode>
          <ImportSequenceNumber xsi:nil="true"></ImportSequenceNumber>
          <Latitude xsi:nil="true"></Latitude>
          <Line1 xsi:nil="true"></Line1>
          <Line2 xsi:nil="true"></Line2>
          <Line3 xsi:nil="true"></Line3>
          <Longitude xsi:nil="true"></Longitude>
          <Name xsi:nil="true"></Name>
          <PostalCode xsi:nil="true"></PostalCode>
          <PostOfficeBox xsi:nil="true"></PostOfficeBox>
          <PrimaryContactName xsi:nil="true"></PrimaryContactName>
          <ShippingMethodCode>1</ShippingMethodCode>
          <StateOrProvince xsi:nil="true"></StateOrProvince>
          <Telephone1 xsi:nil="true"></Telephone1>
          <Telephone2 xsi:nil="true"></Telephone2>
          <Telephone3 xsi:nil="true"></Telephone3>
          <TimeZoneRuleVersionNumber xsi:nil="true"></TimeZoneRuleVersionNumber>
          <UPSZone xsi:nil="true"></UPSZone>
          <UTCOffset xsi:nil="true"></UTCOffset>
          <UTCConversionTimeZoneCode xsi:nil="true"></UTCConversionTimeZoneCode>
        </Address>
      </Addresses>
    </Publisher>
    <RootComponents>
      <RootComponent type="1" schemaName="tigerj_accountsample" behavior="0" />
      <RootComponent type="1" schemaName="tigerj_contactsample" behavior="0" />
      <RootComponent type="1" schemaName="tigerj_leadsample" behavior="0" />
      <RootComponent type="1" schemaName="tigerj_leadsamplebusinessprocessflow" behavior="0" />
      <RootComponent type="1" schemaName="tigerj_servicesample" behavior="0" />
      <RootComponent type="1" schemaName="tigerj_workordersample" behavior="0" />
      <RootComponent type="9" schemaName="tigerj_type" behavior="0" />
      <RootComponent type="29" id="{2e4c3729-361f-494e-b5d0-89c94562417d}" behavior="0" />
      <RootComponent type="29" id="{3c912d6d-1d22-ea11-a810-000d3a598e50}" behavior="0" />
      <RootComponent type="29" id="{5fe140df-ec24-ea11-a810-000d3a3b7d88}" behavior="0" />
      <RootComponent type="29" id="{d3a44bdf-06f8-4cab-ac17-0a2de5799081}" behavior="0" />
      <RootComponent type="29" id="{d9f57309-9098-4aa5-ba15-27427b7b4d07}" behavior="0" />
      <RootComponent type="29" id="{f9970844-1922-ea11-a810-000d3a598e50}" behavior="0" />
      <RootComponent type="29" id="{fdb1d616-1f22-ea11-a810-000d3a598e50}" behavior="0" />
      <RootComponent type="60" id="{4cd607ee-66d7-49e2-b570-6beb11492e1d}" behavior="0" />
      <RootComponent type="60" id="{8467100f-e366-4b05-88c4-ff4e58006cbd}" behavior="0" />
      <RootComponent type="60" id="{a8e77e9c-f324-ea11-a810-000d3a3b7d88}" behavior="0" />
      <RootComponent type="60" id="{ff08a659-3314-4ea1-9afd-5dea27212ce3}" behavior="0" />
      <RootComponent type="61" schemaName="tigerj_AccountSample_Icon" behavior="0" />
      <RootComponent type="61" schemaName="tigerj_ContactSample_Icon" behavior="0" />
      <RootComponent type="61" schemaName="tigerj_LeadSample_Icon" behavior="0" />
      <RootComponent type="61" schemaName="tigerj_WorkOrderSample_Icon" behavior="0" />
      <RootComponent type="62" schemaName="tigerj_Sales" behavior="0" />
      <RootComponent type="80" schemaName="tigerj_Sales" behavior="0" />
      <RootComponent type="300" schemaName="tigerj_canvasappsample_5e162" behavior="0" />
    </RootComponents>
    <MissingDependencies>
      <MissingDependency>
        <Required key="0" type="61" schemaName="msdyn_/Images/AppModule_Default_Icon.png" displayName="msdyn_/Images/AppModule_Default_Icon.png" solution="AppModuleWebResources (2.5)" />
        <Dependent key="1" type="80" schemaName="tigerj_Sales" displayName="Sales" />
      </MissingDependency>
    </MissingDependencies>
  </SolutionManifest>
</ImportExportXml>